country,year,totalrefugees
Netherlands,1990,0.0
Netherlands,1991,0.0
Netherlands,1992,0.0
Netherlands,1993,0.0
Netherlands,1994,0.0
Netherlands,1995,0.0
Netherlands,1996,0.0
Netherlands,1997,0.0
Netherlands,1998,0.0
Netherlands,1999,0.0
Netherlands,2000,0.0
Netherlands,2001,0.0
Netherlands,2002,0.0
Netherlands,2003,0.0
Netherlands,2004,0.0
Netherlands,2005,0.0
Netherlands,2006,0.0
Netherlands,2007,0.0
Netherlands,2008,0.0
Netherlands,2009,0.0
Netherlands,2010,0.0
Netherlands,2011,0.0
Netherlands,2012,0.0
Netherlands,2013,0.0
Netherlands,2014,0.0
Netherlands,2015,0.0
Netherlands,2016,0.0
Netherlands,2017,0.0
Netherlands,2018,0.0
Netherlands,2019,0.0
Netherlands,2020,0.0
Netherlands,2021,0.0
United States,1990,12450.0
United States,1991,16317.0
United States,1992,19934.0
United States,1993,20276.0
United States,1994,19550.0
United States,1995,21519.0
United States,1996,21865.0
United States,1997,21308.0
United States,1998,19890.0
United States,1999,19177.0
United States,2000,15683.0
United States,2001,14414.0
United States,2002,13001.0
United States,2003,11279.0
United States,2004,11821.0
United States,2005,14990.0
United States,2006,29400.0
United States,2007,17728.0
United States,2008,18175.0
United States,2009,18733.0
United States,2010,18487.0
United States,2011,24013.0
United States,2012,26849.0
United States,2013,25891.0
United States,2014,24170.0
United States,2015,21508.0
United States,2016,18484.0
United States,2017,17055.0
United States,2018,16192.0
United States,2019,15698.0
United States,2020,2795.0
United States,2021,0.0
Estonia,1990,0.0
Estonia,1991,0.0
Estonia,1992,0.0
Estonia,1993,0.0
Estonia,1994,0.0
Estonia,1995,0.0
Estonia,1996,0.0
Estonia,1997,0.0
Estonia,1998,0.0
Estonia,1999,0.0
Estonia,2000,0.0
Estonia,2001,0.0
Estonia,2002,0.0
Estonia,2003,0.0
Estonia,2004,0.0
Estonia,2005,0.0
Estonia,2006,0.0
Estonia,2007,0.0
Estonia,2008,0.0
Estonia,2009,0.0
Estonia,2010,0.0
Estonia,2011,0.0
Estonia,2012,0.0
Estonia,2013,0.0
Estonia,2014,0.0
Estonia,2015,0.0
Estonia,2016,0.0
Estonia,2017,0.0
Estonia,2018,0.0
Estonia,2019,0.0
Estonia,2020,0.0
Estonia,2021,0.0
France,1990,0.0
France,1991,0.0
France,1992,0.0
France,1993,0.0
France,1994,15000.0
France,1995,5208.0
France,1996,5264.0
France,1997,5360.0
France,1998,5558.0
France,1999,5886.0
France,2000,3791.0
France,2001,3915.0
France,2002,5589.0
France,2003,5642.0
France,2004,6292.0
France,2005,6988.0
France,2006,7334.0
France,2007,7848.0
France,2008,8395.0
France,2009,9437.0
France,2010,9985.0
France,2011,10891.0
France,2012,11506.0
France,2013,11738.0
France,2014,2522.0
France,2015,2911.0
France,2016,3568.0
France,2017,4349.0
France,2018,5119.0
France,2019,5829.0
France,2020,6040.0
France,2021,0.0
Colombia,1990,0.0
Colombia,1991,0.0
Colombia,1992,0.0
Colombia,1993,0.0
Colombia,1994,0.0
Colombia,1995,0.0
Colombia,1996,0.0
Colombia,1997,0.0
Colombia,1998,0.0
Colombia,1999,0.0
Colombia,2000,0.0
Colombia,2001,0.0
Colombia,2002,0.0
Colombia,2003,0.0
Colombia,2004,0.0
Colombia,2005,0.0
Colombia,2006,0.0
Colombia,2007,0.0
Colombia,2008,0.0
Colombia,2009,0.0
Colombia,2010,0.0
Colombia,2011,0.0
Colombia,2012,0.0
Colombia,2013,0.0
Colombia,2014,0.0
Colombia,2015,0.0
Colombia,2016,0.0
Colombia,2017,0.0
Colombia,2018,0.0
Colombia,2019,0.0
Colombia,2020,0.0
Colombia,2021,0.0
United Kingdom,1990,0.0
United Kingdom,1991,0.0
United Kingdom,1992,0.0
United Kingdom,1993,0.0
United Kingdom,1994,0.0
United Kingdom,1995,0.0
United Kingdom,1996,0.0
United Kingdom,1997,0.0
United Kingdom,1998,0.0
United Kingdom,1999,0.0
United Kingdom,2000,0.0
United Kingdom,2001,0.0
United Kingdom,2002,0.0
United Kingdom,2003,0.0
United Kingdom,2004,0.0
United Kingdom,2005,0.0
United Kingdom,2006,0.0
United Kingdom,2007,0.0
United Kingdom,2008,0.0
United Kingdom,2009,0.0
United Kingdom,2010,0.0
United Kingdom,2011,0.0
United Kingdom,2012,0.0
United Kingdom,2013,0.0
United Kingdom,2014,0.0
United Kingdom,2015,0.0
United Kingdom,2016,0.0
United Kingdom,2017,0.0
United Kingdom,2018,0.0
United Kingdom,2019,0.0
United Kingdom,2020,0.0
United Kingdom,2021,0.0
Austria,1990,0.0
Austria,1991,0.0
Austria,1992,42918.0
Austria,1993,39728.0
Austria,1994,0.0
Austria,1995,0.0
Austria,1996,74131.0
Austria,1997,69885.0
Austria,1998,68087.0
Austria,1999,5237.0
Austria,2000,3931.0
Austria,2001,4099.0
Austria,2002,4138.0
Austria,2003,4265.0
Austria,2004,4715.0
Austria,2005,5091.0
Austria,2006,5485.0
Austria,2007,5783.0
Austria,2008,6218.0
Austria,2009,3473.0
Austria,2010,3353.0
Austria,2011,3290.0
Austria,2012,3165.0
Austria,2013,3075.0
Austria,2014,2683.0
Austria,2015,2199.0
Austria,2016,13773.0
Austria,2017,11301.0
Austria,2018,9946.0
Austria,2019,8664.0
Austria,2020,8080.0
Austria,2021,0.0
Czechia,1990,0.0
Czechia,1991,0.0
Czechia,1992,0.0
Czechia,1993,0.0
Czechia,1994,0.0
Czechia,1995,0.0
Czechia,1996,0.0
Czechia,1997,0.0
Czechia,1998,0.0
Czechia,1999,0.0
Czechia,2000,0.0
Czechia,2001,0.0
Czechia,2002,0.0
Czechia,2003,0.0
Czechia,2004,0.0
Czechia,2005,0.0
Czechia,2006,0.0
Czechia,2007,0.0
Czechia,2008,0.0
Czechia,2009,0.0
Czechia,2010,0.0
Czechia,2011,0.0
Czechia,2012,0.0
Czechia,2013,0.0
Czechia,2014,0.0
Czechia,2015,0.0
Czechia,2016,0.0
Czechia,2017,0.0
Czechia,2018,0.0
Czechia,2019,0.0
Czechia,2020,0.0
Czechia,2021,0.0
Chile,1990,0.0
Chile,1991,0.0
Chile,1992,0.0
Chile,1993,0.0
Chile,1994,0.0
Chile,1995,0.0
Chile,1996,0.0
Chile,1997,0.0
Chile,1998,0.0
Chile,1999,0.0
Chile,2000,0.0
Chile,2001,0.0
Chile,2002,0.0
Chile,2003,0.0
Chile,2004,0.0
Chile,2005,0.0
Chile,2006,0.0
Chile,2007,0.0
Chile,2008,0.0
Chile,2009,0.0
Chile,2010,0.0
Chile,2011,0.0
Chile,2012,0.0
Chile,2013,0.0
Chile,2014,0.0
Chile,2015,0.0
Chile,2016,0.0
Chile,2017,0.0
Chile,2018,0.0
Chile,2019,0.0
Chile,2020,0.0
Chile,2021,0.0
Mexico,1990,45412.0
Mexico,1991,49030.0
Mexico,1992,49846.0
Mexico,1993,47246.0
Mexico,1994,42903.0
Mexico,1995,35583.0
Mexico,1996,32593.0
Mexico,1997,30061.0
Mexico,1998,26646.0
Mexico,1999,22116.0
Mexico,2000,16031.0
Mexico,2001,12953.0
Mexico,2002,10594.0
Mexico,2003,4116.0
Mexico,2004,2374.0
Mexico,2005,0.0
Mexico,2006,0.0
Mexico,2007,0.0
Mexico,2008,0.0
Mexico,2009,0.0
Mexico,2010,0.0
Mexico,2011,0.0
Mexico,2012,0.0
Mexico,2013,0.0
Mexico,2014,0.0
Mexico,2015,0.0
Mexico,2016,2126.0
Mexico,2017,2895.0
Mexico,2018,4656.0
Mexico,2019,9257.0
Mexico,2020,11833.0
Mexico,2021,0.0
Norway,1990,0.0
Norway,1991,0.0
Norway,1992,0.0
Norway,1993,0.0
Norway,1994,0.0
Norway,1995,0.0
Norway,1996,0.0
Norway,1997,0.0
Norway,1998,0.0
Norway,1999,0.0
Norway,2000,0.0
Norway,2001,0.0
Norway,2002,0.0
Norway,2003,0.0
Norway,2004,2249.0
Norway,2005,2694.0
Norway,2006,3034.0
Norway,2007,3552.0
Norway,2008,3790.0
Norway,2009,3969.0
Norway,2010,4104.0
Norway,2011,4056.0
Norway,2012,3875.0
Norway,2013,3334.0
Norway,2014,2328.0
Norway,2015,0.0
Norway,2016,0.0
Norway,2017,0.0
Norway,2018,0.0
Norway,2019,0.0
Norway,2020,0.0
Norway,2021,0.0
Turkey,1990,0.0
Turkey,1991,28049.0
Turkey,1992,15083.0
Turkey,1993,16773.0
Turkey,1994,20000.0
Turkey,1995,5614.0
Turkey,1996,3029.0
Turkey,1997,0.0
Turkey,1998,0.0
Turkey,1999,0.0
Turkey,2000,0.0
Turkey,2001,0.0
Turkey,2002,0.0
Turkey,2003,0.0
Turkey,2004,0.0
Turkey,2005,0.0
Turkey,2006,2135.0
Turkey,2007,2148.0
Turkey,2008,2105.0
Turkey,2009,6194.0
Turkey,2010,5277.0
Turkey,2011,7071.0
Turkey,2012,9478.0
Turkey,2013,3321.0
Turkey,2014,3388.0
Turkey,2015,5262.0
Turkey,2016,6966.0
Turkey,2017,8308.0
Turkey,2018,8731.0
Turkey,2019,3576370.0
Turkey,2020,3574836.0
Turkey,2021,0.0
Denmark,1990,0.0
Denmark,1991,0.0
Denmark,1992,0.0
Denmark,1993,0.0
Denmark,1994,0.0
Denmark,1995,0.0
Denmark,1996,0.0
Denmark,1997,0.0
Denmark,1998,0.0
Denmark,1999,0.0
Denmark,2000,0.0
Denmark,2001,0.0
Denmark,2002,0.0
Denmark,2003,0.0
Denmark,2004,0.0
Denmark,2005,0.0
Denmark,2006,0.0
Denmark,2007,0.0
Denmark,2008,0.0
Denmark,2009,0.0
Denmark,2010,0.0
Denmark,2011,0.0
Denmark,2012,0.0
Denmark,2013,0.0
Denmark,2014,0.0
Denmark,2015,0.0
Denmark,2016,0.0
Denmark,2017,0.0
Denmark,2018,0.0
Denmark,2019,0.0
Denmark,2020,0.0
Denmark,2021,0.0
Korea,1990,0.0
Korea,1991,0.0
Korea,1992,0.0
Korea,1993,0.0
Korea,1994,0.0
Korea,1995,0.0
Korea,1996,0.0
Korea,1997,0.0
Korea,1998,0.0
Korea,1999,0.0
Korea,2000,0.0
Korea,2001,0.0
Korea,2002,0.0
Korea,2003,0.0
Korea,2004,0.0
Korea,2005,0.0
Korea,2006,0.0
Korea,2007,0.0
Korea,2008,0.0
Korea,2009,0.0
Korea,2010,0.0
Korea,2011,0.0
Korea,2012,0.0
Korea,2013,0.0
Korea,2014,0.0
Korea,2015,0.0
Korea,2016,0.0
Korea,2017,0.0
Korea,2018,0.0
Korea,2019,0.0
Korea,2020,0.0
Korea,2021,0.0
Poland,1990,0.0
Poland,1991,0.0
Poland,1992,2500.0
Poland,1993,0.0
Poland,1994,0.0
Poland,1995,0.0
Poland,1996,0.0
Poland,1997,0.0
Poland,1998,0.0
Poland,1999,0.0
Poland,2000,0.0
Poland,2001,0.0
Poland,2002,0.0
Poland,2003,0.0
Poland,2004,0.0
Poland,2005,3785.0
Poland,2006,6024.0
Poland,2007,9355.0
Poland,2008,12034.0
Poland,2009,14510.0
Poland,2010,14730.0
Poland,2011,14897.0
Poland,2012,14938.0
Poland,2013,15149.0
Poland,2014,14277.0
Poland,2015,12304.0
Poland,2016,9864.0
Poland,2017,9950.0
Poland,2018,9893.0
Poland,2019,9870.0
Poland,2020,9855.0
Poland,2021,0.0
Australia,1990,0.0
Australia,1991,0.0
Australia,1992,0.0
Australia,1993,0.0
Australia,1994,0.0
Australia,1995,0.0
Australia,1996,0.0
Australia,1997,0.0
Australia,1998,0.0
Australia,1999,0.0
Australia,2000,0.0
Australia,2001,0.0
Australia,2002,0.0
Australia,2003,0.0
Australia,2004,0.0
Australia,2005,0.0
Australia,2006,0.0
Australia,2007,0.0
Australia,2008,0.0
Australia,2009,0.0
Australia,2010,0.0
Australia,2011,0.0
Australia,2012,0.0
Australia,2013,0.0
Australia,2014,0.0
Australia,2015,0.0
Australia,2016,0.0
Australia,2017,0.0
Australia,2018,0.0
Australia,2019,0.0
Australia,2020,0.0
Australia,2021,0.0
Slovenia,1990,0.0
Slovenia,1991,0.0
Slovenia,1992,72440.0
Slovenia,1993,44321.0
Slovenia,1994,29156.0
Slovenia,1995,18804.0
Slovenia,1996,8337.0
Slovenia,1997,4636.0
Slovenia,1998,3462.0
Slovenia,1999,3122.0
Slovenia,2000,2804.0
Slovenia,2001,2381.0
Slovenia,2002,0.0
Slovenia,2003,2001.0
Slovenia,2004,0.0
Slovenia,2005,0.0
Slovenia,2006,0.0
Slovenia,2007,0.0
Slovenia,2008,0.0
Slovenia,2009,0.0
Slovenia,2010,0.0
Slovenia,2011,0.0
Slovenia,2012,0.0
Slovenia,2013,0.0
Slovenia,2014,0.0
Slovenia,2015,0.0
Slovenia,2016,0.0
Slovenia,2017,0.0
Slovenia,2018,0.0
Slovenia,2019,0.0
Slovenia,2020,0.0
Slovenia,2021,0.0
New Zealand,1990,0.0
New Zealand,1991,0.0
New Zealand,1992,0.0
New Zealand,1993,0.0
New Zealand,1994,0.0
New Zealand,1995,0.0
New Zealand,1996,0.0
New Zealand,1997,0.0
New Zealand,1998,0.0
New Zealand,1999,0.0
New Zealand,2000,0.0
New Zealand,2001,0.0
New Zealand,2002,0.0
New Zealand,2003,0.0
New Zealand,2004,0.0
New Zealand,2005,0.0
New Zealand,2006,0.0
New Zealand,2007,0.0
New Zealand,2008,0.0
New Zealand,2009,0.0
New Zealand,2010,0.0
New Zealand,2011,0.0
New Zealand,2012,0.0
New Zealand,2013,0.0
New Zealand,2014,0.0
New Zealand,2015,0.0
New Zealand,2016,0.0
New Zealand,2017,0.0
New Zealand,2018,0.0
New Zealand,2019,0.0
New Zealand,2020,0.0
New Zealand,2021,0.0
Luxembourg,1990,0.0
Luxembourg,1991,0.0
Luxembourg,1992,0.0
Luxembourg,1993,0.0
Luxembourg,1994,0.0
Luxembourg,1995,0.0
Luxembourg,1996,0.0
Luxembourg,1997,0.0
Luxembourg,1998,0.0
Luxembourg,1999,0.0
Luxembourg,2000,0.0
Luxembourg,2001,0.0
Luxembourg,2002,0.0
Luxembourg,2003,0.0
Luxembourg,2004,0.0
Luxembourg,2005,0.0
Luxembourg,2006,0.0
Luxembourg,2007,0.0
Luxembourg,2008,0.0
Luxembourg,2009,0.0
Luxembourg,2010,0.0
Luxembourg,2011,0.0
Luxembourg,2012,0.0
Luxembourg,2013,0.0
Luxembourg,2014,0.0
Luxembourg,2015,0.0
Luxembourg,2016,0.0
Luxembourg,2017,0.0
Luxembourg,2018,0.0
Luxembourg,2019,0.0
Luxembourg,2020,0.0
Luxembourg,2021,0.0
Israel,1990,0.0
Israel,1991,0.0
Israel,1992,0.0
Israel,1993,0.0
Israel,1994,0.0
Israel,1995,0.0
Israel,1996,0.0
Israel,1997,0.0
Israel,1998,0.0
Israel,1999,0.0
Israel,2000,3909.0
Israel,2001,3909.0
Israel,2002,3909.0
Israel,2003,3909.0
Israel,2004,0.0
Israel,2005,0.0
Israel,2006,0.0
Israel,2007,0.0
Israel,2008,4326.0
Israel,2009,5502.0
Israel,2010,8137.0
Israel,2011,9000.0
Israel,2012,10743.0
Israel,2013,12542.0
Israel,2014,6588.0
Israel,2015,4647.0
Israel,2016,4647.0
Israel,2017,3187.0
Israel,2018,3351.0
Israel,2019,3248.0
Israel,2020,0.0
Israel,2021,0.0
Japan,1990,0.0
Japan,1991,0.0
Japan,1992,0.0
Japan,1993,0.0
Japan,1994,0.0
Japan,1995,0.0
Japan,1996,0.0
Japan,1997,0.0
Japan,1998,0.0
Japan,1999,0.0
Japan,2000,0.0
Japan,2001,0.0
Japan,2002,0.0
Japan,2003,0.0
Japan,2004,0.0
Japan,2005,0.0
Japan,2006,0.0
Japan,2007,0.0
Japan,2008,0.0
Japan,2009,0.0
Japan,2010,0.0
Japan,2011,0.0
Japan,2012,0.0
Japan,2013,0.0
Japan,2014,0.0
Japan,2015,0.0
Japan,2016,0.0
Japan,2017,0.0
Japan,2018,0.0
Japan,2019,0.0
Japan,2020,0.0
Japan,2021,0.0
Portugal,1990,0.0
Portugal,1991,0.0
Portugal,1992,0.0
Portugal,1993,0.0
Portugal,1994,0.0
Portugal,1995,0.0
Portugal,1996,0.0
Portugal,1997,0.0
Portugal,1998,0.0
Portugal,1999,0.0
Portugal,2000,0.0
Portugal,2001,0.0
Portugal,2002,0.0
Portugal,2003,0.0
Portugal,2004,0.0
Portugal,2005,0.0
Portugal,2006,0.0
Portugal,2007,0.0
Portugal,2008,0.0
Portugal,2009,0.0
Portugal,2010,0.0
Portugal,2011,0.0
Portugal,2012,0.0
Portugal,2013,0.0
Portugal,2014,0.0
Portugal,2015,0.0
Portugal,2016,0.0
Portugal,2017,0.0
Portugal,2018,0.0
Portugal,2019,0.0
Portugal,2020,0.0
Portugal,2021,0.0
Italy,1990,0.0
Italy,1991,0.0
Italy,1992,0.0
Italy,1993,0.0
Italy,1994,0.0
Italy,1995,12360.0
Italy,1996,11300.0
Italy,1997,11013.0
Italy,1998,0.0
Italy,1999,2100.0
Italy,2000,0.0
Italy,2001,0.0
Italy,2002,2227.0
Italy,2003,2230.0
Italy,2004,2302.0
Italy,2005,2475.0
Italy,2006,2721.0
Italy,2007,4304.0
Italy,2008,4244.0
Italy,2009,3530.0
Italy,2010,3565.0
Italy,2011,2761.0
Italy,2012,2511.0
Italy,2013,2673.0
Italy,2014,2686.0
Italy,2015,2620.0
Italy,2016,2885.0
Italy,2017,4947.0
Italy,2018,5861.0
Italy,2019,6353.0
Italy,2020,6572.0
Italy,2021,0.0
Latvia,1990,0.0
Latvia,1991,0.0
Latvia,1992,0.0
Latvia,1993,0.0
Latvia,1994,0.0
Latvia,1995,0.0
Latvia,1996,0.0
Latvia,1997,0.0
Latvia,1998,0.0
Latvia,1999,0.0
Latvia,2000,0.0
Latvia,2001,0.0
Latvia,2002,0.0
Latvia,2003,0.0
Latvia,2004,0.0
Latvia,2005,0.0
Latvia,2006,0.0
Latvia,2007,0.0
Latvia,2008,0.0
Latvia,2009,0.0
Latvia,2010,0.0
Latvia,2011,0.0
Latvia,2012,0.0
Latvia,2013,0.0
Latvia,2014,0.0
Latvia,2015,0.0
Latvia,2016,0.0
Latvia,2017,0.0
Latvia,2018,0.0
Latvia,2019,0.0
Latvia,2020,0.0
Latvia,2021,0.0
Costa Rica,1990,6277.0
Costa Rica,1991,6305.0
Costa Rica,1992,5636.0
Costa Rica,1993,4306.0
Costa Rica,1994,4207.0
Costa Rica,1995,4154.0
Costa Rica,1996,3998.0
Costa Rica,1997,3968.0
Costa Rica,1998,3911.0
Costa Rica,1999,3861.0
Costa Rica,2000,2715.0
Costa Rica,2001,2636.0
Costa Rica,2002,2635.0
Costa Rica,2003,2632.0
Costa Rica,2004,8750.0
Costa Rica,2005,9470.0
Costa Rica,2006,9699.0
Costa Rica,2007,9739.0
Costa Rica,2008,9939.0
Costa Rica,2009,10199.0
Costa Rica,2010,10214.0
Costa Rica,2011,10297.0
Costa Rica,2012,10305.0
Costa Rica,2013,16586.0
Costa Rica,2014,16623.0
Costa Rica,2015,2247.0
Costa Rica,2016,2335.0
Costa Rica,2017,2340.0
Costa Rica,2018,2258.0
Costa Rica,2019,2325.0
Costa Rica,2020,3397.0
Costa Rica,2021,0.0
Switzerland,1990,0.0
Switzerland,1991,0.0
Switzerland,1992,0.0
Switzerland,1993,2332.0
Switzerland,1994,4883.0
Switzerland,1995,4499.0
Switzerland,1996,5144.0
Switzerland,1997,7038.0
Switzerland,1998,3006.0
Switzerland,1999,4481.0
Switzerland,2000,9309.0
Switzerland,2001,12493.0
Switzerland,2002,12001.0
Switzerland,2003,11249.0
Switzerland,2004,10956.0
Switzerland,2005,10586.0
Switzerland,2006,9827.0
Switzerland,2007,8315.0
Switzerland,2008,7397.0
Switzerland,2009,6491.0
Switzerland,2010,5288.0
Switzerland,2011,4457.0
Switzerland,2012,4083.0
Switzerland,2013,3542.0
Switzerland,2014,3380.0
Switzerland,2015,3158.0
Switzerland,2016,2976.0
Switzerland,2017,2777.0
Switzerland,2018,0.0
Switzerland,2019,0.0
Switzerland,2020,0.0
Switzerland,2021,0.0
Greece,1990,0.0
Greece,1991,0.0
Greece,1992,0.0
Greece,1993,0.0
Greece,1994,0.0
Greece,1995,0.0
Greece,1996,0.0
Greece,1997,0.0
Greece,1998,2274.0
Greece,1999,2274.0
Greece,2000,2327.0
Greece,2001,2430.0
Greece,2002,0.0
Greece,2003,0.0
Greece,2004,0.0
Greece,2005,0.0
Greece,2006,0.0
Greece,2007,0.0
Greece,2008,0.0
Greece,2009,0.0
Greece,2010,0.0
Greece,2011,0.0
Greece,2012,0.0
Greece,2013,0.0
Greece,2014,3913.0
Greece,2015,9101.0
Greece,2016,14420.0
Greece,2017,13714.0
Greece,2018,23931.0
Greece,2019,26696.0
Greece,2020,36013.0
Greece,2021,0.0
Belgium,1990,0.0
Belgium,1991,0.0
Belgium,1992,0.0
Belgium,1993,0.0
Belgium,1994,0.0
Belgium,1995,0.0
Belgium,1996,4466.0
Belgium,1997,4466.0
Belgium,1998,0.0
Belgium,1999,0.0
Belgium,2000,0.0
Belgium,2001,0.0
Belgium,2002,0.0
Belgium,2003,0.0
Belgium,2004,0.0
Belgium,2005,0.0
Belgium,2006,0.0
Belgium,2007,0.0
Belgium,2008,0.0
Belgium,2009,0.0
Belgium,2010,0.0
Belgium,2011,0.0
Belgium,2012,0.0
Belgium,2013,0.0
Belgium,2014,0.0
Belgium,2015,0.0
Belgium,2016,0.0
Belgium,2017,0.0
Belgium,2018,0.0
Belgium,2019,0.0
Belgium,2020,0.0
Belgium,2021,0.0
Sweden,1990,6091.0
Sweden,1991,6079.0
Sweden,1992,3121.0
Sweden,1993,2577.0
Sweden,1994,2152.0
Sweden,1995,0.0
Sweden,1996,0.0
Sweden,1997,0.0
Sweden,1998,0.0
Sweden,1999,0.0
Sweden,2000,0.0
Sweden,2001,0.0
Sweden,2002,0.0
Sweden,2003,0.0
Sweden,2004,0.0
Sweden,2005,0.0
Sweden,2006,0.0
Sweden,2007,0.0
Sweden,2008,0.0
Sweden,2009,0.0
Sweden,2010,0.0
Sweden,2011,0.0
Sweden,2012,0.0
Sweden,2013,0.0
Sweden,2014,2014.0
Sweden,2015,2003.0
Sweden,2016,0.0
Sweden,2017,0.0
Sweden,2018,0.0
Sweden,2019,0.0
Sweden,2020,0.0
Sweden,2021,0.0
Canada,1990,0.0
Canada,1991,0.0
Canada,1992,0.0
Canada,1993,0.0
Canada,1994,0.0
Canada,1995,0.0
Canada,1996,0.0
Canada,1997,0.0
Canada,1998,0.0
Canada,1999,0.0
Canada,2000,0.0
Canada,2001,0.0
Canada,2002,0.0
Canada,2003,0.0
Canada,2004,0.0
Canada,2005,0.0
Canada,2006,0.0
Canada,2007,0.0
Canada,2008,0.0
Canada,2009,2019.0
Canada,2010,2637.0
Canada,2011,3384.0
Canada,2012,4045.0
Canada,2013,4451.0
Canada,2014,4687.0
Canada,2015,4573.0
Canada,2016,0.0
Canada,2017,0.0
Canada,2018,0.0
Canada,2019,0.0
Canada,2020,0.0
Canada,2021,0.0
Ireland,1990,0.0
Ireland,1991,0.0
Ireland,1992,0.0
Ireland,1993,0.0
Ireland,1994,0.0
Ireland,1995,0.0
Ireland,1996,0.0
Ireland,1997,0.0
Ireland,1998,0.0
Ireland,1999,0.0
Ireland,2000,0.0
Ireland,2001,0.0
Ireland,2002,0.0
Ireland,2003,0.0
Ireland,2004,0.0
Ireland,2005,0.0
Ireland,2006,0.0
Ireland,2007,0.0
Ireland,2008,0.0
Ireland,2009,0.0
Ireland,2010,0.0
Ireland,2011,0.0
Ireland,2012,0.0
Ireland,2013,0.0
Ireland,2014,0.0
Ireland,2015,0.0
Ireland,2016,0.0
Ireland,2017,0.0
Ireland,2018,0.0
Ireland,2019,0.0
Ireland,2020,0.0
Ireland,2021,0.0
Hungary,1990,29480.0
Hungary,1991,43000.0
Hungary,1992,29500.0
Hungary,1993,2138.0
Hungary,1994,0.0
Hungary,1995,8553.0
Hungary,1996,4706.0
Hungary,1997,3243.0
Hungary,1998,0.0
Hungary,1999,0.0
Hungary,2000,2344.0
Hungary,2001,0.0
Hungary,2002,0.0
Hungary,2003,0.0
Hungary,2004,2251.0
Hungary,2005,2388.0
Hungary,2006,2359.0
Hungary,2007,2329.0
Hungary,2008,2143.0
Hungary,2009,0.0
Hungary,2010,0.0
Hungary,2011,0.0
Hungary,2012,0.0
Hungary,2013,0.0
Hungary,2014,0.0
Hungary,2015,0.0
Hungary,2016,0.0
Hungary,2017,0.0
Hungary,2018,0.0
Hungary,2019,0.0
Hungary,2020,0.0
Hungary,2021,0.0
Lithuania,1990,0.0
Lithuania,1991,0.0
Lithuania,1992,0.0
Lithuania,1993,0.0
Lithuania,1994,0.0
Lithuania,1995,0.0
Lithuania,1996,0.0
Lithuania,1997,0.0
Lithuania,1998,0.0
Lithuania,1999,0.0
Lithuania,2000,0.0
Lithuania,2001,0.0
Lithuania,2002,0.0
Lithuania,2003,0.0
Lithuania,2004,0.0
Lithuania,2005,0.0
Lithuania,2006,0.0
Lithuania,2007,0.0
Lithuania,2008,0.0
Lithuania,2009,0.0
Lithuania,2010,0.0
Lithuania,2011,0.0
Lithuania,2012,0.0
Lithuania,2013,0.0
Lithuania,2014,0.0
Lithuania,2015,0.0
Lithuania,2016,0.0
Lithuania,2017,0.0
Lithuania,2018,0.0
Lithuania,2019,0.0
Lithuania,2020,0.0
Lithuania,2021,0.0
Spain,1990,0.0
Spain,1991,0.0
Spain,1992,0.0
Spain,1993,0.0
Spain,1994,0.0
Spain,1995,0.0
Spain,1996,0.0
Spain,1997,0.0
Spain,1998,0.0
Spain,1999,0.0
Spain,2000,0.0
Spain,2001,0.0
Spain,2002,0.0
Spain,2003,0.0
Spain,2004,0.0
Spain,2005,0.0
Spain,2006,0.0
Spain,2007,0.0
Spain,2008,0.0
Spain,2009,0.0
Spain,2010,0.0
Spain,2011,0.0
Spain,2012,0.0
Spain,2013,0.0
Spain,2014,0.0
Spain,2015,0.0
Spain,2016,0.0
Spain,2017,0.0
Spain,2018,0.0
Spain,2019,0.0
Spain,2020,0.0
Spain,2021,0.0
Germany,1990,0.0
Germany,1991,0.0
Germany,1992,0.0
Germany,1993,0.0
Germany,1994,350000.0
Germany,1995,320000.0
Germany,1996,330000.0
Germany,1997,245000.0
Germany,1998,100000.0
Germany,1999,50000.0
Germany,2000,0.0
Germany,2001,24000.0
Germany,2002,183170.0
Germany,2003,13769.0
Germany,2004,9292.0
Germany,2005,18265.0
Germany,2006,2431.0
Germany,2007,5926.0
Germany,2008,5729.0
Germany,2009,2310.0
Germany,2010,2275.0
Germany,2011,4280.0
Germany,2012,4614.0
Germany,2013,8410.0
Germany,2014,9294.0
Germany,2015,9157.0
Germany,2016,9189.0
Germany,2017,9232.0
Germany,2018,8119.0
Germany,2019,8722.0
Germany,2020,8548.0
Germany,2021,0.0
Iceland,1990,0.0
Iceland,1991,0.0
Iceland,1992,0.0
Iceland,1993,0.0
Iceland,1994,0.0
Iceland,1995,0.0
Iceland,1996,0.0
Iceland,1997,0.0
Iceland,1998,0.0
Iceland,1999,0.0
Iceland,2000,0.0
Iceland,2001,0.0
Iceland,2002,0.0
Iceland,2003,0.0
Iceland,2004,0.0
Iceland,2005,0.0
Iceland,2006,0.0
Iceland,2007,0.0
Iceland,2008,0.0
Iceland,2009,0.0
Iceland,2010,0.0
Iceland,2011,0.0
Iceland,2012,0.0
Iceland,2013,0.0
Iceland,2014,0.0
Iceland,2015,0.0
Iceland,2016,0.0
Iceland,2017,0.0
Iceland,2018,0.0
Iceland,2019,0.0
Iceland,2020,0.0
Iceland,2021,0.0
Finland,1990,0.0
Finland,1991,0.0
Finland,1992,0.0
Finland,1993,0.0
Finland,1994,0.0
Finland,1995,0.0
Finland,1996,0.0
Finland,1997,0.0
Finland,1998,0.0
Finland,1999,0.0
Finland,2000,0.0
Finland,2001,0.0
Finland,2002,0.0
Finland,2003,0.0
Finland,2004,0.0
Finland,2005,0.0
Finland,2006,0.0
Finland,2007,0.0
Finland,2008,0.0
Finland,2009,0.0
Finland,2010,0.0
Finland,2011,0.0
Finland,2012,0.0
Finland,2013,0.0
Finland,2014,0.0
Finland,2015,0.0
Finland,2016,0.0
Finland,2017,0.0
Finland,2018,0.0
Finland,2019,0.0
Finland,2020,0.0
Finland,2021,0.0
